Workbook

Sheet Dashboard
A1: Métrica | B1: Valor | C1: Descrição
A2: Capital Inicial | B2: 570 | C2: Preencher manualmente
A3: Capital Atual | B3: 570 | C3: Atualizar após pregão
A4: Lucro Total (R$) | B4: =B3-B2 -> 0 | C4: Automático
A5: R Acumulado | B5: =SUM(Diario_Trades!H:H) -> 0 | C5: Soma de todos os R
A6: Winrate | B6: =IFERROR(Estatisticas!B4,0) -> 0 | C6: Automático
A7: Expectância (R) | B7: =IFERROR(Estatisticas!B7,0) -> 0 | C7: Edge médio por trade
A8: Contrato Atual (auto) | B8: =MAX(1,INT(B5/20)+1) -> 1 | C8: +1 contrato a cada +20R
A9: Stop Diário (R) | B9: -5 | C9: Limite máximo de perda
A10: Trades Hoje | B10: =COUNTIF(Diario_Trades!A:A,TODAY()) -> 0 | C10: Contagem diária
A11: Limite Trades | B11: 5 | C11: Máx permitido
A12: Status do Dia | B12: =IF(B9>=B10,"ENCERRAR","OK") -> OK | C12: Parar automaticamente

Sheet Diario_Trades
A1: Data | B1: Trade # | C1: Setup | D1: Entrada | E1: Saída | F1: Stop | G1: Gain | H1: Resultado (R) | I1: Foco | J1: Ansiedade | K1: Plano S/N | L1: Erro | M1: Obs | N1: R Acumulado
N2: =SUM($H$2:H2) -> 0
N3: =SUM($H$2:H3) -> 0
N4: =SUM($H$2:H4) -> 0
N5: =SUM($H$2:H5) -> 0
N6: =SUM($H$2:H6) -> 0
N7: =SUM($H$2:H7) -> 0
N8: =SUM($H$2:H8) -> 0
N9: =SUM($H$2:H9) -> 0
N10: =SUM($H$2:H10) -> 0
N11: =SUM($H$2:H11) -> 0
N12: =SUM($H$2:H12) -> 0
N13: =SUM($H$2:H13) -> 0
... N800: =SUM($H$2:H800) -> 0

Sheet Estatisticas
A1: Total Trades | B1: =COUNT(H:H) -> 0
A2: Trades Vencedores | B2: =COUNTIF(H:H,">0") -> 0
A3: Trades Perdedor | B3: =COUNTIF(H:H,"<0") -> 0
A4: Winrate | B4: =IFERROR(B2/B1,0) -> 0
A5: Gain Médio (R) | B5: =IFERROR(AVERAGEIF(H:H,">0"),0) -> 0
A6: Loss Médio (R) | B6: =IFERROR(AVERAGEIF(H:H,"<0"),0) -> 0
A7: Expectância | B7: =B4*B5+(1-B4)*B6 -> 0

Sheet Evolucao_Mensal
A1: Mês | B1: Lucro (R$) | C1: R Total | D1: Contratos | E1: Saque 30%
E2: =B2*0.3 -> 0
E3: =B3*0.3 -> 0
E4: =B4*0.3 -> 0
E5: =B5*0.3 -> 0
E6: =B6*0.3 -> 0
E7: =B7*0.3 -> 0
E8: =B8*0.3 -> 0
E9: =B9*0.3 -> 0
E10: =B10*0.3 -> 0
E11: =B11*0.3 -> 0
E12: =B12*0.3 -> 0
E13: =B13*0.3 -> 0
... E24: =B24*0.3 -> 0

Sheet Export_Python
A1: Copie como CSV para usar no Python
A2: Data | B2: Trade # | C2: Resultado (R) | D2: Foco | E2: Ansiedade
A3: =Diario_Trades!A3 -> 0 | B3: =Diario_Trades!B3 -> 0 | C3: =Diario_Trades!H3 -> 0 | D3: =Diario_Trades!I3 -> 0 | E3: =Diario_Trades!J3 -> 0
A4: =Diario_Trades!A4 -> 0 | B4: =Diario_Trades!B4 -> 0 | C4: =Diario_Trades!H4 -> 0 | D4: =Diario_Trades!I4 -> 0 | E4: =Diario_Trades!J4 -> 0
A5: =Diario_Trades!A5 -> 0 | B5: =Diario_Trades!B5 -> 0 | C5: =Diario_Trades!H5 -> 0 | D5: =Diario_Trades!I5 -> 0 | E5: =Diario_Trades!J5 -> 0
A6: =Diario_Trades!A6 -> 0 | B6: =Diario_Trades!B6 -> 0 | C6: =Diario_Trades!H6 -> 0 | D6: =Diario_Trades!I6 -> 0 | E6: =Diario_Trades!J6 -> 0
A7: =Diario_Trades!A7 -> 0 | B7: =Diario_Trades!B7 -> 0 | C7: =Diario_Trades!H7 -> 0 | D7: =Diario_Trades!I7 -> 0 | E7: =Diario_Trades!J7 -> 0
A8: =Diario_Trades!A8 -> 0 | B8: =Diario_Trades!B8 -> 0 | C8: =Diario_Trades!H8 -> 0 | D8: =Diario_Trades!I8 -> 0 | E8: =Diario_Trades!J8 -> 0
A9: =Diario_Trades!A9 -> 0 | B9: =Diario_Trades!B9 -> 0 | C9: =Diario_Trades!H9 -> 0 | D9: =Diario_Trades!I9 -> 0 | E9: =Diario_Trades!J9 -> 0
A10: =Diario_Trades!A10 -> 0 | B10: =Diario_Trades!B10 -> 0 | C10: =Diario_Trades!H10 -> 0 | D10: =Diario_Trades!I10 -> 0 | E10: =Diario_Trades!J10 -> 0
A11: =Diario_Trades!A11 -> 0 | B11: =Diario_Trades!B11 -> 0 | C11: =Diario_Trades!H11 -> 0 | D11: =Diario_Trades!I11 -> 0 | E11: =Diario_Trades!J11 -> 0
A12: =Diario_Trades!A12 -> 0 | B12: =Diario_Trades!B12 -> 0 | C12: =Diario_Trades!H12 -> 0 | D12: =Diario_Trades!I12 -> 0 | E12: =Diario_Trades!J12 -> 0
A13: =Diario_Trades!A13 -> 0 | B13: =Diario_Trades!B13 -> 0 | C13: =Diario_Trades!H13 -> 0 | D13: =Diario_Trades!I13 -> 0 | E13: =Diario_Trades!J13 -> 0
A14: =Diario_Trades!A14 -> 0 | B14: =Diario_Trades!B14 -> 0 | C14: =Diario_Trades!H14 -> 0 | D14: =Diario_Trades!I14 -> 0 | E14: =Diario_Trades!J14 -> 0
... A800: =Diario_Trades!A800 -> 0 | B800: =Diario_Trades!B800 -> 0 | C800: =Diario_Trades!H800 -> 0 | D800: =Diario_Trades!I800 -> 0 | E800: =Diario_Trades!J800 -> 0

Sheet Graficos

Sheet Como_Usar
A1: UPGRADE V4
A2: Dashboard: métricas automáticas.
A3: Diario_Trades: registre operações.
A4: Estatisticas: winrate/expectância.
A5: Graficos: equity curve.
A6: Export_Python: pronto para scripts.
